[
{
  "model": "webapp.basestr",
  "pk": 1,
  "fields": {}
},
{
  "model": "webapp.basestr",
  "pk": 2,
  "fields": {}
},
{
  "model": "webapp.basestr",
  "pk": 3,
  "fields": {}
},
{
  "model": "webapp.basestr",
  "pk": 4,
  "fields": {}
},
{
  "model": "webapp.basestr",
  "pk": 5,
  "fields": {}
},
{
  "model": "webapp.basestr",
  "pk": 6,
  "fields": {}
},
{
  "model": "webapp.basestr",
  "pk": 7,
  "fields": {}
},
{
  "model": "webapp.type",
  "pk": 1,
  "fields": {
    "name": "Enhancement"
  }
},
{
  "model": "webapp.type",
  "pk": 5,
  "fields": {
    "name": "Bug"
  }
},
{
  "model": "webapp.type",
  "pk": 6,
  "fields": {
    "name": "Task"
  }
},
{
  "model": "webapp.type",
  "pk": 7,
  "fields": {
    "name": "info"
  }
},
{
  "model": "webapp.status",
  "pk": 2,
  "fields": {
    "name": "Done"
  }
},
{
  "model": "webapp.status",
  "pk": 3,
  "fields": {
    "name": "In progress"
  }
},
{
  "model": "webapp.status",
  "pk": 4,
  "fields": {
    "name": "New"
  }
},
{
  "model": "webapp.issue",
  "pk": 2,
  "fields": {
    "summary": "second issues",
    "author": 1,
    "description": "222222222222222  2222222222",
    "status": 3,
    "create_at": "2022-01-12T11:40:57.573Z",
    "update_at": "2022-02-20T11:04:16.924Z",
    "project": 1,
    "is_deleted": false,
    "type_names": [
      1,
      5
    ]
  }
},
{
  "model": "webapp.issue",
  "pk": 4,
  "fields": {
    "summary": "fifth issues",
    "author": 1,
    "description": "5555555555 555555555555555",
    "status": 4,
    "create_at": "2022-01-12T11:41:47.002Z",
    "update_at": "2022-01-17T10:25:28.689Z",
    "project": 1,
    "is_deleted": false,
    "type_names": [
      1,
      5,
      6
    ]
  }
},
{
  "model": "webapp.issue",
  "pk": 5,
  "fields": {
    "summary": "fourst issues",
    "author": 1,
    "description": "4444444444  44444444444444444 444444",
    "status": 2,
    "create_at": "2022-01-12T11:42:17.850Z",
    "update_at": "2022-01-12T11:42:17.850Z",
    "project": 1,
    "is_deleted": false,
    "type_names": []
  }
},
{
  "model": "webapp.issue",
  "pk": 6,
  "fields": {
    "summary": "sixth issues",
    "author": 1,
    "description": "666666666       666666666666 6 6 6 6666666",
    "status": 4,
    "create_at": "2022-01-12T11:42:43.597Z",
    "update_at": "2022-01-12T11:42:43.598Z",
    "project": 1,
    "is_deleted": false,
    "type_names": []
  }
},
{
  "model": "webapp.issue",
  "pk": 7,
  "fields": {
    "summary": "seven",
    "author": 1,
    "description": "sfdg ser gs",
    "status": 2,
    "create_at": "2022-01-12T16:36:20.349Z",
    "update_at": "2022-01-17T10:26:33.524Z",
    "project": 1,
    "is_deleted": false,
    "type_names": [
      1,
      6
    ]
  }
},
{
  "model": "webapp.issue",
  "pk": 8,
  "fields": {
    "summary": "eight",
    "author": 1,
    "description": "sdfgsdrg",
    "status": 3,
    "create_at": "2022-01-12T16:40:24.602Z",
    "update_at": "2022-01-17T10:26:46.873Z",
    "project": 1,
    "is_deleted": false,
    "type_names": [
      5,
      7
    ]
  }
},
{
  "model": "webapp.issue",
  "pk": 11,
  "fields": {
    "summary": "nine",
    "author": 1,
    "description": "fbvsrdg",
    "status": 4,
    "create_at": "2022-01-13T06:02:57.772Z",
    "update_at": "2022-01-17T10:27:02.833Z",
    "project": 1,
    "is_deleted": false,
    "type_names": [
      1,
      5
    ]
  }
},
{
  "model": "webapp.issue",
  "pk": 13,
  "fields": {
    "summary": "ten",
    "author": 1,
    "description": "fsgsd",
    "status": 3,
    "create_at": "2022-01-17T07:41:15.570Z",
    "update_at": "2022-01-17T10:27:30.298Z",
    "project": 1,
    "is_deleted": false,
    "type_names": [
      5,
      6,
      7
    ]
  }
},
{
  "model": "webapp.issue",
  "pk": 19,
  "fields": {
    "summary": "elevan",
    "author": 1,
    "description": "aesf",
    "status": 3,
    "create_at": "2022-01-17T10:25:39.770Z",
    "update_at": "2022-01-17T10:27:45.416Z",
    "project": 1,
    "is_deleted": false,
    "type_names": [
      1,
      5,
      7
    ]
  }
},
{
  "model": "webapp.issue",
  "pk": 20,
  "fields": {
    "summary": "thirteen",
    "author": 1,
    "description": "asdfasfe",
    "status": 3,
    "create_at": "2022-01-18T13:39:25.668Z",
    "update_at": "2022-01-20T08:41:55.494Z",
    "project": 1,
    "is_deleted": false,
    "type_names": [
      5
    ]
  }
},
{
  "model": "webapp.issue",
  "pk": 23,
  "fields": {
    "summary": "forteen",
    "author": 1,
    "description": "srg45ssrgdsaf",
    "status": 3,
    "create_at": "2022-01-18T14:24:40.847Z",
    "update_at": "2022-01-23T14:40:14.014Z",
    "project": 1,
    "is_deleted": false,
    "type_names": [
      1,
      7
    ]
  }
},
{
  "model": "webapp.issue",
  "pk": 24,
  "fields": {
    "summary": "fifteen",
    "author": 1,
    "description": "asdfaefasd",
    "status": 3,
    "create_at": "2022-01-20T07:55:07.431Z",
    "update_at": "2022-01-23T14:40:32.462Z",
    "project": 1,
    "is_deleted": false,
    "type_names": [
      5,
      6
    ]
  }
},
{
  "model": "webapp.issue",
  "pk": 30,
  "fields": {
    "summary": "sixteen",
    "author": 1,
    "description": "zdbrsaefsadfe",
    "status": 2,
    "create_at": "2022-01-20T10:05:22.787Z",
    "update_at": "2022-02-03T06:58:30.233Z",
    "project": 1,
    "is_deleted": true,
    "type_names": [
      1,
      7
    ]
  }
},
{
  "model": "webapp.issue",
  "pk": 31,
  "fields": {
    "summary": "seventeenbug",
    "author": 1,
    "description": "seventeenbug",
    "status": 4,
    "create_at": "2022-01-20T11:00:42.468Z",
    "update_at": "2022-01-24T06:18:35.793Z",
    "project": 1,
    "is_deleted": false,
    "type_names": [
      5
    ]
  }
},
{
  "model": "webapp.issue",
  "pk": 33,
  "fields": {
    "summary": "baksbugger",
    "author": 1,
    "description": "zdrgsrdgshdg",
    "status": 3,
    "create_at": "2022-01-20T11:18:15.503Z",
    "update_at": "2022-01-23T14:30:24.615Z",
    "project": 1,
    "is_deleted": false,
    "type_names": [
      1,
      5
    ]
  }
},
{
  "model": "webapp.issue",
  "pk": 34,
  "fields": {
    "summary": "eightteen",
    "author": 1,
    "description": "sdgrrgsdfgrfth",
    "status": 3,
    "create_at": "2022-01-20T11:32:55.504Z",
    "update_at": "2022-02-03T06:47:30.854Z",
    "project": 1,
    "is_deleted": true,
    "type_names": [
      1,
      5
    ]
  }
},
{
  "model": "webapp.issue",
  "pk": 35,
  "fields": {
    "summary": "nineteen",
    "author": 1,
    "description": "sdfhsrsdgr",
    "status": 3,
    "create_at": "2022-01-20T12:04:44.019Z",
    "update_at": "2022-02-03T06:59:12.246Z",
    "project": 1,
    "is_deleted": true,
    "type_names": [
      1,
      5
    ]
  }
},
{
  "model": "webapp.issue",
  "pk": 36,
  "fields": {
    "summary": "twenty",
    "author": 1,
    "description": "sdfbsdfgsrg",
    "status": 3,
    "create_at": "2022-01-20T12:19:20.992Z",
    "update_at": "2022-02-03T06:47:39.232Z",
    "project": 1,
    "is_deleted": true,
    "type_names": [
      1,
      5
    ]
  }
},
{
  "model": "webapp.issue",
  "pk": 38,
  "fields": {
    "summary": "buggy",
    "author": 1,
    "description": "dfsgsrgsdfg",
    "status": 2,
    "create_at": "2022-01-20T12:31:15.173Z",
    "update_at": "2022-02-02T12:29:41.618Z",
    "project": 1,
    "is_deleted": true,
    "type_names": [
      1
    ]
  }
},
{
  "model": "webapp.issue",
  "pk": 39,
  "fields": {
    "summary": "twenty one",
    "author": 1,
    "description": "twenty one",
    "status": 2,
    "create_at": "2022-01-20T12:34:29.441Z",
    "update_at": "2022-02-02T12:29:32.318Z",
    "project": 1,
    "is_deleted": true,
    "type_names": [
      5
    ]
  }
},
{
  "model": "webapp.issue",
  "pk": 41,
  "fields": {
    "summary": "twenty two",
    "author": 1,
    "description": "asdf asdf asdf asdf",
    "status": 2,
    "create_at": "2022-01-25T14:40:48.994Z",
    "update_at": "2022-02-02T14:16:27.234Z",
    "project": 1,
    "is_deleted": true,
    "type_names": [
      5
    ]
  }
},
{
  "model": "webapp.issue",
  "pk": 46,
  "fields": {
    "summary": "dsgsdfg",
    "author": 1,
    "description": "srgsdrg",
    "status": 2,
    "create_at": "2022-02-02T11:53:36.340Z",
    "update_at": "2022-02-02T11:57:26.658Z",
    "project": 2,
    "is_deleted": true,
    "type_names": [
      1
    ]
  }
},
{
  "model": "webapp.issue",
  "pk": 47,
  "fields": {
    "summary": "xfhfgh",
    "author": 1,
    "description": "fhtht",
    "status": 4,
    "create_at": "2022-02-03T06:45:43.875Z",
    "update_at": "2022-02-03T06:54:17.815Z",
    "project": 2,
    "is_deleted": true,
    "type_names": [
      6
    ]
  }
},
{
  "model": "webapp.issue",
  "pk": 48,
  "fields": {
    "summary": "second project",
    "author": 1,
    "description": "task 1",
    "status": 3,
    "create_at": "2022-02-03T06:59:04.303Z",
    "update_at": "2022-02-03T06:59:04.308Z",
    "project": 2,
    "is_deleted": false,
    "type_names": [
      6
    ]
  }
},
{
  "model": "webapp.issue",
  "pk": 49,
  "fields": {
    "summary": "bdfvdrg",
    "author": 1,
    "description": "zxvfdv",
    "status": 2,
    "create_at": "2022-02-20T01:51:02.327Z",
    "update_at": "2022-02-20T01:51:02.331Z",
    "project": 8,
    "is_deleted": false,
    "type_names": [
      1
    ]
  }
},
{
  "model": "webapp.issue",
  "pk": 50,
  "fields": {
    "summary": "dsgrsgsdg",
    "author": 1,
    "description": "sdfgrg",
    "status": 3,
    "create_at": "2022-02-20T01:51:34.613Z",
    "update_at": "2022-02-20T01:51:34.618Z",
    "project": 8,
    "is_deleted": false,
    "type_names": [
      6
    ]
  }
},
{
  "model": "webapp.issue",
  "pk": 51,
  "fields": {
    "summary": "qweqwe",
    "author": 1,
    "description": "qweasdasda",
    "status": 2,
    "create_at": "2022-02-21T12:56:24.586Z",
    "update_at": "2022-02-21T12:56:24.590Z",
    "project": 1,
    "is_deleted": false,
    "type_names": [
      1
    ]
  }
},
{
  "model": "webapp.project",
  "pk": 1,
  "fields": {
    "start_date": "2022-01-29",
    "finish_date": "2022-01-31",
    "name": "Januery days",
    "author": 1,
    "description": "first project",
    "users": [
      1,
      3,
      4,
      7,
      8,
      9
    ]
  }
},
{
  "model": "webapp.project",
  "pk": 2,
  "fields": {
    "start_date": "2022-01-29",
    "finish_date": "2022-01-31",
    "name": "second form",
    "author": 1,
    "description": "asdff",
    "users": [
      3,
      4
    ]
  }
},
{
  "model": "webapp.project",
  "pk": 3,
  "fields": {
    "start_date": "2022-01-29",
    "finish_date": "2022-01-31",
    "name": "sdfgrg",
    "author": 1,
    "description": "dsfgrdggffg",
    "users": []
  }
},
{
  "model": "webapp.project",
  "pk": 4,
  "fields": {
    "start_date": "2022-01-29",
    "finish_date": "2022-01-31",
    "name": "asefe",
    "author": 1,
    "description": "asfeeasdf",
    "users": [
      1,
      4,
      5,
      7,
      8,
      9
    ]
  }
},
{
  "model": "webapp.project",
  "pk": 7,
  "fields": {
    "start_date": "2022-01-01",
    "finish_date": "2023-01-03",
    "name": "def",
    "author": 1,
    "description": "srgrfgre",
    "users": [
      1,
      3,
      4,
      6,
      7
    ]
  }
},
{
  "model": "webapp.project",
  "pk": 8,
  "fields": {
    "start_date": "2022-01-01",
    "finish_date": null,
    "name": "dsrgfsg",
    "author": 1,
    "description": "sfdgsrg",
    "users": [
      2,
      3
    ]
  }
},
{
  "model": "webapp.project",
  "pk": 10,
  "fields": {
    "start_date": "2022-01-01",
    "finish_date": null,
    "name": "manager 2",
    "author": 7,
    "description": "asdfe",
    "users": [
      3,
      4
    ]
  }
},
{
  "model": "webapp.project",
  "pk": 11,
  "fields": {
    "start_date": "2022-01-01",
    "finish_date": null,
    "name": "manager 3",
    "author": 7,
    "description": "asdfef",
    "users": [
      3,
      4,
      7
    ]
  }
},
{
  "model": "webapp.project",
  "pk": 12,
  "fields": {
    "start_date": "2022-01-01",
    "finish_date": null,
    "name": "manager 4",
    "author": 7,
    "description": "sdfef",
    "users": [
      3,
      4,
      7
    ]
  }
}
]
