[
{
    "model": "webapp.basestr",
    "pk": 1,
    "fields": {}
},
{
    "model": "webapp.basestr",
    "pk": 2,
    "fields": {}
},
{
    "model": "webapp.basestr",
    "pk": 3,
    "fields": {}
},
{
    "model": "webapp.basestr",
    "pk": 4,
    "fields": {}
},
{
    "model": "webapp.basestr",
    "pk": 5,
    "fields": {}
},
{
    "model": "webapp.basestr",
    "pk": 6,
    "fields": {}
},
{
    "model": "webapp.basestr",
    "pk": 7,
    "fields": {}
},
{
    "model": "webapp.type",
    "pk": 1,
    "fields": {
        "name": "Enhancement"
    }
},
{
    "model": "webapp.type",
    "pk": 5,
    "fields": {
        "name": "Bug"
    }
},
{
    "model": "webapp.type",
    "pk": 6,
    "fields": {
        "name": "Task"
    }
},
{
    "model": "webapp.type",
    "pk": 7,
    "fields": {
        "name": "info"
    }
},
{
    "model": "webapp.issuetype",
    "pk": 1,
    "fields": {
        "issue": 1,
        "type_name": 7
    }
},
{
    "model": "webapp.issuetype",
    "pk": 2,
    "fields": {
        "issue": 13,
        "type_name": 5
    }
},
{
    "model": "webapp.issuetype",
    "pk": 3,
    "fields": {
        "issue": 13,
        "type_name": 7
    }
},
{
    "model": "webapp.issuetype",
    "pk": 13,
    "fields": {
        "issue": 3,
        "type_name": 1
    }
},
{
    "model": "webapp.issuetype",
    "pk": 14,
    "fields": {
        "issue": 3,
        "type_name": 6
    }
},
{
    "model": "webapp.issuetype",
    "pk": 15,
    "fields": {
        "issue": 3,
        "type_name": 7
    }
},
{
    "model": "webapp.issuetype",
    "pk": 18,
    "fields": {
        "issue": 7,
        "type_name": 1
    }
},
{
    "model": "webapp.issuetype",
    "pk": 19,
    "fields": {
        "issue": 7,
        "type_name": 6
    }
},
{
    "model": "webapp.issuetype",
    "pk": 20,
    "fields": {
        "issue": 11,
        "type_name": 1
    }
},
{
    "model": "webapp.issuetype",
    "pk": 21,
    "fields": {
        "issue": 11,
        "type_name": 5
    }
},
{
    "model": "webapp.issuetype",
    "pk": 24,
    "fields": {
        "issue": 4,
        "type_name": 1
    }
},
{
    "model": "webapp.issuetype",
    "pk": 25,
    "fields": {
        "issue": 4,
        "type_name": 5
    }
},
{
    "model": "webapp.issuetype",
    "pk": 26,
    "fields": {
        "issue": 4,
        "type_name": 6
    }
},
{
    "model": "webapp.issuetype",
    "pk": 27,
    "fields": {
        "issue": 19,
        "type_name": 5
    }
},
{
    "model": "webapp.issuetype",
    "pk": 28,
    "fields": {
        "issue": 19,
        "type_name": 7
    }
},
{
    "model": "webapp.issuetype",
    "pk": 29,
    "fields": {
        "issue": 2,
        "type_name": 1
    }
},
{
    "model": "webapp.issuetype",
    "pk": 30,
    "fields": {
        "issue": 2,
        "type_name": 6
    }
},
{
    "model": "webapp.issuetype",
    "pk": 31,
    "fields": {
        "issue": 8,
        "type_name": 5
    }
},
{
    "model": "webapp.issuetype",
    "pk": 32,
    "fields": {
        "issue": 8,
        "type_name": 7
    }
},
{
    "model": "webapp.issuetype",
    "pk": 33,
    "fields": {
        "issue": 13,
        "type_name": 6
    }
},
{
    "model": "webapp.issuetype",
    "pk": 34,
    "fields": {
        "issue": 19,
        "type_name": 1
    }
},
{
    "model": "webapp.status",
    "pk": 2,
    "fields": {
        "name": "Done"
    }
},
{
    "model": "webapp.status",
    "pk": 3,
    "fields": {
        "name": "In progress"
    }
},
{
    "model": "webapp.status",
    "pk": 4,
    "fields": {
        "name": "New"
    }
},
{
    "model": "webapp.issue",
    "pk": 1,
    "fields": {
        "summary": "first summary",
        "description": "first description",
        "status": 2,
        "create_at": "2022-01-12T11:24:54.409Z",
        "update_at": "2022-01-12T11:24:54.409Z"
    }
},
{
    "model": "webapp.issue",
    "pk": 2,
    "fields": {
        "summary": "second issues",
        "description": "222222222222222  22222",
        "status": 2,
        "create_at": "2022-01-12T11:40:57.573Z",
        "update_at": "2022-01-17T10:25:58.879Z"
    }
},
{
    "model": "webapp.issue",
    "pk": 3,
    "fields": {
        "summary": "third issues",
        "description": "33333333 3 333333333333",
        "status": 3,
        "create_at": "2022-01-12T11:41:24.238Z",
        "update_at": "2022-01-17T08:34:33.374Z"
    }
},
{
    "model": "webapp.issue",
    "pk": 4,
    "fields": {
        "summary": "fifth issues",
        "description": "5555555555 555555555555555",
        "status": 4,
        "create_at": "2022-01-12T11:41:47.002Z",
        "update_at": "2022-01-17T10:25:28.689Z"
    }
},
{
    "model": "webapp.issue",
    "pk": 5,
    "fields": {
        "summary": "fourst issues",
        "description": "4444444444  44444444444444444 444444",
        "status": 2,
        "create_at": "2022-01-12T11:42:17.850Z",
        "update_at": "2022-01-12T11:42:17.850Z"
    }
},
{
    "model": "webapp.issue",
    "pk": 6,
    "fields": {
        "summary": "sixth issues",
        "description": "666666666       666666666666 6 6 6 6666666",
        "status": 4,
        "create_at": "2022-01-12T11:42:43.597Z",
        "update_at": "2022-01-12T11:42:43.598Z"
    }
},
{
    "model": "webapp.issue",
    "pk": 7,
    "fields": {
        "summary": "seven",
        "description": "sfdg ser gs",
        "status": 2,
        "create_at": "2022-01-12T16:36:20.349Z",
        "update_at": "2022-01-17T10:26:33.524Z"
    }
},
{
    "model": "webapp.issue",
    "pk": 8,
    "fields": {
        "summary": "eight",
        "description": "sdfgsdrg",
        "status": 3,
        "create_at": "2022-01-12T16:40:24.602Z",
        "update_at": "2022-01-17T10:26:46.873Z"
    }
},
{
    "model": "webapp.issue",
    "pk": 11,
    "fields": {
        "summary": "nine",
        "description": "fbvsrdg",
        "status": 4,
        "create_at": "2022-01-13T06:02:57.772Z",
        "update_at": "2022-01-17T10:27:02.833Z"
    }
},
{
    "model": "webapp.issue",
    "pk": 13,
    "fields": {
        "summary": "ten",
        "description": "fsgsd",
        "status": 3,
        "create_at": "2022-01-17T07:41:15.570Z",
        "update_at": "2022-01-17T10:27:30.298Z"
    }
},
{
    "model": "webapp.issue",
    "pk": 19,
    "fields": {
        "summary": "elevan",
        "description": "aesf",
        "status": 3,
        "create_at": "2022-01-17T10:25:39.770Z",
        "update_at": "2022-01-17T10:27:45.416Z"
    }
}
]
