[
{
    "model": "webapp.basestr",
    "pk": 1,
    "fields": {}
},
{
    "model": "webapp.basestr",
    "pk": 2,
    "fields": {}
},
{
    "model": "webapp.basestr",
    "pk": 3,
    "fields": {}
},
{
    "model": "webapp.basestr",
    "pk": 4,
    "fields": {}
},
{
    "model": "webapp.basestr",
    "pk": 5,
    "fields": {}
},
{
    "model": "webapp.basestr",
    "pk": 6,
    "fields": {}
},
{
    "model": "webapp.basestr",
    "pk": 7,
    "fields": {}
},
{
    "model": "webapp.type",
    "pk": 1,
    "fields": {
        "name": "Enhancement"
    }
},
{
    "model": "webapp.type",
    "pk": 5,
    "fields": {
        "name": "Bug"
    }
},
{
    "model": "webapp.type",
    "pk": 6,
    "fields": {
        "name": "Task"
    }
},
{
    "model": "webapp.type",
    "pk": 7,
    "fields": {
        "name": "info"
    }
},
{
    "model": "webapp.status",
    "pk": 2,
    "fields": {
        "name": "Done"
    }
},
{
    "model": "webapp.status",
    "pk": 3,
    "fields": {
        "name": "In progress"
    }
},
{
    "model": "webapp.status",
    "pk": 4,
    "fields": {
        "name": "New"
    }
},
{
    "model": "webapp.issue",
    "pk": 1,
    "fields": {
        "summary": "first summary",
        "description": "first description",
        "status": 3,
        "create_at": "2022-01-12T11:24:54.409Z",
        "update_at": "2022-01-31T09:56:49.679Z",
        "project": 1,
        "type_names": [
            5,
            6
        ]
    }
},
{
    "model": "webapp.issue",
    "pk": 2,
    "fields": {
        "summary": "second issues",
        "description": "222222222222222  22222222",
        "status": 3,
        "create_at": "2022-01-12T11:40:57.573Z",
        "update_at": "2022-01-31T10:06:15.465Z",
        "project": 1,
        "type_names": [
            1,
            5
        ]
    }
},
{
    "model": "webapp.issue",
    "pk": 3,
    "fields": {
        "summary": "third issues",
        "description": "33333333 3 333333333333",
        "status": 3,
        "create_at": "2022-01-12T11:41:24.238Z",
        "update_at": "2022-01-17T08:34:33.374Z",
        "project": 1,
        "type_names": [
            1,
            6,
            7
        ]
    }
},
{
    "model": "webapp.issue",
    "pk": 4,
    "fields": {
        "summary": "fifth issues",
        "description": "5555555555 555555555555555",
        "status": 4,
        "create_at": "2022-01-12T11:41:47.002Z",
        "update_at": "2022-01-17T10:25:28.689Z",
        "project": 1,
        "type_names": [
            1,
            5,
            6
        ]
    }
},
{
    "model": "webapp.issue",
    "pk": 5,
    "fields": {
        "summary": "fourst issues",
        "description": "4444444444  44444444444444444 444444",
        "status": 2,
        "create_at": "2022-01-12T11:42:17.850Z",
        "update_at": "2022-01-12T11:42:17.850Z",
        "project": 1,
        "type_names": []
    }
},
{
    "model": "webapp.issue",
    "pk": 6,
    "fields": {
        "summary": "sixth issues",
        "description": "666666666       666666666666 6 6 6 6666666",
        "status": 4,
        "create_at": "2022-01-12T11:42:43.597Z",
        "update_at": "2022-01-12T11:42:43.598Z",
        "project": 1,
        "type_names": []
    }
},
{
    "model": "webapp.issue",
    "pk": 7,
    "fields": {
        "summary": "seven",
        "description": "sfdg ser gs",
        "status": 2,
        "create_at": "2022-01-12T16:36:20.349Z",
        "update_at": "2022-01-17T10:26:33.524Z",
        "project": 1,
        "type_names": [
            1,
            6
        ]
    }
},
{
    "model": "webapp.issue",
    "pk": 8,
    "fields": {
        "summary": "eight",
        "description": "sdfgsdrg",
        "status": 3,
        "create_at": "2022-01-12T16:40:24.602Z",
        "update_at": "2022-01-17T10:26:46.873Z",
        "project": 1,
        "type_names": [
            5,
            7
        ]
    }
},
{
    "model": "webapp.issue",
    "pk": 11,
    "fields": {
        "summary": "nine",
        "description": "fbvsrdg",
        "status": 4,
        "create_at": "2022-01-13T06:02:57.772Z",
        "update_at": "2022-01-17T10:27:02.833Z",
        "project": 1,
        "type_names": [
            1,
            5
        ]
    }
},
{
    "model": "webapp.issue",
    "pk": 13,
    "fields": {
        "summary": "ten",
        "description": "fsgsd",
        "status": 3,
        "create_at": "2022-01-17T07:41:15.570Z",
        "update_at": "2022-01-17T10:27:30.298Z",
        "project": 1,
        "type_names": [
            5,
            6,
            7
        ]
    }
},
{
    "model": "webapp.issue",
    "pk": 19,
    "fields": {
        "summary": "elevan",
        "description": "aesf",
        "status": 3,
        "create_at": "2022-01-17T10:25:39.770Z",
        "update_at": "2022-01-17T10:27:45.416Z",
        "project": 1,
        "type_names": [
            1,
            5,
            7
        ]
    }
},
{
    "model": "webapp.issue",
    "pk": 20,
    "fields": {
        "summary": "thirteen",
        "description": "asdfasfe",
        "status": 3,
        "create_at": "2022-01-18T13:39:25.668Z",
        "update_at": "2022-01-20T08:41:55.494Z",
        "project": 1,
        "type_names": [
            5
        ]
    }
},
{
    "model": "webapp.issue",
    "pk": 23,
    "fields": {
        "summary": "forteen",
        "description": "srg45ssrgdsaf",
        "status": 3,
        "create_at": "2022-01-18T14:24:40.847Z",
        "update_at": "2022-01-23T14:40:14.014Z",
        "project": 1,
        "type_names": [
            1,
            7
        ]
    }
},
{
    "model": "webapp.issue",
    "pk": 24,
    "fields": {
        "summary": "fifteen",
        "description": "asdfaefasd",
        "status": 3,
        "create_at": "2022-01-20T07:55:07.431Z",
        "update_at": "2022-01-23T14:40:32.462Z",
        "project": 1,
        "type_names": [
            5,
            6
        ]
    }
},
{
    "model": "webapp.issue",
    "pk": 30,
    "fields": {
        "summary": "sixteen",
        "description": "zdbrsaefsadfe",
        "status": 2,
        "create_at": "2022-01-20T10:05:22.787Z",
        "update_at": "2022-01-23T14:40:52.484Z",
        "project": 1,
        "type_names": [
            1,
            7
        ]
    }
},
{
    "model": "webapp.issue",
    "pk": 31,
    "fields": {
        "summary": "seventeenbug",
        "description": "seventeenbug",
        "status": 4,
        "create_at": "2022-01-20T11:00:42.468Z",
        "update_at": "2022-01-24T06:18:35.793Z",
        "project": 1,
        "type_names": [
            5
        ]
    }
},
{
    "model": "webapp.issue",
    "pk": 33,
    "fields": {
        "summary": "baksbugger",
        "description": "zdrgsrdgshdg",
        "status": 3,
        "create_at": "2022-01-20T11:18:15.503Z",
        "update_at": "2022-01-23T14:30:24.615Z",
        "project": 1,
        "type_names": [
            1,
            5
        ]
    }
},
{
    "model": "webapp.issue",
    "pk": 34,
    "fields": {
        "summary": "eightteen",
        "description": "sdgrrgsdfgr",
        "status": 3,
        "create_at": "2022-01-20T11:32:55.504Z",
        "update_at": "2022-01-23T14:41:30.207Z",
        "project": 1,
        "type_names": [
            1,
            5
        ]
    }
},
{
    "model": "webapp.issue",
    "pk": 35,
    "fields": {
        "summary": "nineteen",
        "description": "sdfhsrsdgr",
        "status": 3,
        "create_at": "2022-01-20T12:04:44.019Z",
        "update_at": "2022-01-23T14:41:49.133Z",
        "project": 1,
        "type_names": [
            1,
            5
        ]
    }
},
{
    "model": "webapp.issue",
    "pk": 36,
    "fields": {
        "summary": "twenty",
        "description": "sdfbsdfgsrg",
        "status": 3,
        "create_at": "2022-01-20T12:19:20.992Z",
        "update_at": "2022-01-23T14:43:09.525Z",
        "project": 1,
        "type_names": [
            1,
            5
        ]
    }
},
{
    "model": "webapp.issue",
    "pk": 38,
    "fields": {
        "summary": "buggy",
        "description": "dfsgsrgsdfg",
        "status": 2,
        "create_at": "2022-01-20T12:31:15.173Z",
        "update_at": "2022-01-23T14:29:54.265Z",
        "project": 1,
        "type_names": [
            1
        ]
    }
},
{
    "model": "webapp.issue",
    "pk": 39,
    "fields": {
        "summary": "twenty one",
        "description": "twenty one",
        "status": 2,
        "create_at": "2022-01-20T12:34:29.441Z",
        "update_at": "2022-01-24T06:18:13.211Z",
        "project": 1,
        "type_names": [
            5
        ]
    }
},
{
    "model": "webapp.issue",
    "pk": 41,
    "fields": {
        "summary": "twenty two",
        "description": "asdf asdf asdf asdf",
        "status": 2,
        "create_at": "2022-01-25T14:40:48.994Z",
        "update_at": "2022-01-25T14:40:48.994Z",
        "project": 1,
        "type_names": [
            5
        ]
    }
},
{
    "model": "webapp.issue",
    "pk": 64,
    "fields": {
        "summary": "first in second project",
        "description": "sefdfghrtsdzsrgsasdf",
        "status": 3,
        "create_at": "2022-01-30T15:52:25.249Z",
        "update_at": "2022-01-31T10:51:15.411Z",
        "project": 2,
        "type_names": [
            1,
            6
        ]
    }
},
{
    "model": "webapp.issue",
    "pk": 83,
    "fields": {
        "summary": "second",
        "description": "asdfaesf dsfdfv",
        "status": 3,
        "create_at": "2022-01-31T09:57:07.459Z",
        "update_at": "2022-01-31T10:40:54.621Z",
        "project": 2,
        "type_names": [
            6
        ]
    }
},
{
    "model": "webapp.project",
    "pk": 1,
    "fields": {
        "start_date": "2022-01-29",
        "finish_date": "2022-01-31",
        "name": "Januery days",
        "description": "adsf asdf af df"
    }
},
{
    "model": "webapp.project",
    "pk": 2,
    "fields": {
        "start_date": "2022-01-29",
        "finish_date": "2022-01-31",
        "name": "second form",
        "description": "asdf"
    }
},
{
    "model": "webapp.project",
    "pk": 3,
    "fields": {
        "start_date": "2022-01-29",
        "finish_date": "2022-01-31",
        "name": "sdfgrg",
        "description": "dsfgrdg"
    }
},
{
    "model": "webapp.project",
    "pk": 4,
    "fields": {
        "start_date": "2022-01-29",
        "finish_date": "2022-01-31",
        "name": "asefe",
        "description": "asfeeasdf"
    }
}
]
